"CountryName","LongName","IsWHOCountry","WHORegion","WHORegionCode","WHORegionName","ISO2","ISO3","ISONum"
"Afghanistan","Afghanistan","FALSE","Eastern Mediterranean","EMR","Eastern Mediterranean Region","AF","AFG",4
"Albania","Albania","TRUE","Europe","EUR","European Region","AL","ALB",8
"Algeria","Algeria","TRUE","Africa","AFR","African Region","DZ","DZA",12
"American Samoa","American Samoa","FALSE","",NA,NA,"AS","ASM",16
"Andorra","Andorra","TRUE","Europe","EUR","European Region","AD","AND",20
"Angola","Angola","TRUE","Africa","AFR","African Region","AO","AGO",24
"Anguilla","Anguilla","FALSE","",NA,NA,"AI","AIA",660
"Antarctica","Antarctica","FALSE","",NA,NA,"AQ","ATA",10
"Antigua and Barbuda","Antigua and Barbuda","TRUE","Americas","AMR","Region of the Americas","AG","ATG",28
"Argentina","Argentina","TRUE","Americas","AMR","Region of the Americas","AR","ARG",32
"Armenia","Armenia","TRUE","Europe","EUR","European Region","AM","ARM",51
"Aruba","Aruba","FALSE","",NA,NA,"AW","ABW",533
"Australia","Australia","TRUE","Western Pacific","WPR","Western Pacific Region","AU","AUS",36
"Austria","Austria","TRUE","Europe","EUR","European Region","AT","AUT",40
"Azerbaijan","Azerbaijan","TRUE","Europe","EUR","European Region","AZ","AZE",31
"Bahamas (the)","Bahamas (the)","FALSE","",NA,NA,"BS","BHS",44
"Bahrain","Bahrain","TRUE","Eastern Mediterranean","EMR","Eastern Mediterranean Region","BH","BHR",48
"Bangladesh","Bangladesh","TRUE","South-East Asia","SEAR","South-East Asia Region","BD","BGD",50
"Barbados","Barbados","TRUE","Americas","AMR","Region of the Americas","BB","BRB",52
"Belarus","Belarus","TRUE","Europe","EUR","European Region","BY","BLR",112
"Belgium","Belgium","TRUE","Europe","EUR","European Region","BE","BEL",56
"Belize","Belize","TRUE","Americas","AMR","Region of the Americas","BZ","BLZ",84
"Benin","Benin","TRUE","Africa","AFR","African Region","BJ","BEN",204
"Bermuda","Bermuda","FALSE","",NA,NA,"BM","BMU",60
"Bhutan","Bhutan","TRUE","South-East Asia","SEAR","South-East Asia Region","BT","BTN",64
"Bolivia (Plurinational State of)","Bolivia (Plurinational State of)","TRUE","Americas","AMR","Region of the Americas","BO","BOL",68
"Bonaire Sint Eustatius Saba","Bonaire Sint Eustatius Saba","FALSE","",NA,NA,"BQ","BES",535
"Bosnia and Herzegovina","Bosnia and Herzegovina","TRUE","Europe","EUR","European Region","BA","BIH",70
"Botswana","Botswana","TRUE","Africa","AFR","African Region","BW","BWA",72
"Bouvet Island","Bouvet Island","FALSE","",NA,NA,"BV","BVT",74
"Brazil","Brazil","TRUE","Americas","AMR","Region of the Americas","BR","BRA",76
"British Indian Ocean Territory (the)","British Indian Ocean Territory (the)","FALSE","",NA,NA,"IO","IOT",86
"Brunei Darussalam","Brunei Darussalam","TRUE","Western Pacific","WPR","Western Pacific Region","BN","BRN",96
"Bulgaria","Bulgaria","TRUE","Europe","EUR","European Region","BG","BGR",100
"Burkina Faso","Burkina Faso","TRUE","Africa","AFR","African Region","BF","BFA",854
"Burundi","Burundi","TRUE","Africa","AFR","African Region","BI","BDI",108
"Cabo Verde","Cabo Verde","TRUE","Africa","AFR","African Region","CV","CPV",132
"Cambodia","Cambodia","TRUE","Western Pacific","WPR","Western Pacific Region","KH","KHM",116
"Cameroon","Cameroon","TRUE","Africa","AFR","African Region","CM","CMR",120
"Canada","Canada","TRUE","Americas","AMR","Region of the Americas","CA","CAN",124
"Cayman Islands (the)","Cayman Islands (the)","FALSE","",NA,NA,"KY","CYM",136
"Central African Republic","Central African Republic (the)","TRUE","Africa","AFR","African Region","CF","CAF",140
"Chad","Chad","TRUE","Africa","AFR","African Region","TD","TCD",148
"Chile","Chile","TRUE","Americas","AMR","Region of the Americas","CL","CHL",152
"China","China","TRUE","Western Pacific","WPR","Western Pacific Region","CN","CHN",156
"Christmas Island","Christmas Island","FALSE","",NA,NA,"CX","CXR",162
"Cocos (Keeling) Islands (the)","Cocos (Keeling) Islands (the)","FALSE","",NA,NA,"CC","CCK",166
"Colombia","Colombia","TRUE","Americas","AMR","Region of the Americas","CO","COL",170
"Comoros","Comoros (the)","TRUE","Africa","AFR","African Region","KM","COM",174
"Congo","Congo (the)","TRUE","Africa","AFR","African Region","CG","COG",178
"Cook Islands (the)","Cook Islands (the)","FALSE","",NA,NA,"CK","COK",184
"Costa Rica","Costa Rica","TRUE","Americas","AMR","Region of the Americas","CR","CRI",188
"Côte d'Ivoire","Côte d'Ivoire","TRUE","Africa","AFR","African Region","CI","CIV",384
"Croatia","Croatia","TRUE","Europe","EUR","European Region","HR","HRV",191
"Cuba","Cuba","TRUE","Americas","AMR","Region of the Americas","CU","CUB",192
"Curaçao","Curaçao","FALSE","",NA,NA,"CW","CUW",531
"Cyprus","Cyprus","TRUE","Europe","EUR","European Region","CY","CYP",196
"Czechia","Czechia","TRUE","Europe","EUR","European Region","CZ","CZE",203
"Democratic People's Republic of Korea","North Korea","TRUE","South-East Asia","SEAR","South-East Asia Region","KP","PRK",408
"Democratic Republic of the Congo","Congo (the Democratic Republic of the)","TRUE","Africa","AFR","African Region","CD","COD",180
"Denmark","Denmark","TRUE","Europe","EUR","European Region","DK","DNK",208
"Djibouti","Djibouti","TRUE","Eastern Mediterranean","EMR","Eastern Mediterranean Region","DJ","DJI",262
"Dominica","Dominica","TRUE","Americas","AMR","Region of the Americas","DM","DMA",212
"Dominican Republic","Dominican Republic (the)","TRUE","Americas","AMR","Region of the Americas","DO","DOM",214
"Ecuador","Ecuador","TRUE","Americas","AMR","Region of the Americas","EC","ECU",218
"Egypt","Egypt","TRUE","Eastern Mediterranean","EMR","Eastern Mediterranean Region","EG","EGY",818
"El Salvador","El Salvador","TRUE","Americas","AMR","Region of the Americas","SV","SLV",222
"Equatorial Guinea","Equatorial Guinea","TRUE","Africa","AFR","African Region","GQ","GNQ",226
"Eritrea","Eritrea","TRUE","Africa","AFR","African Region","ER","ERI",232
"Estonia","Estonia","TRUE","Europe","EUR","European Region","EE","EST",233
"Eswatini","Eswatini","TRUE","Africa","AFR","African Region","SZ","SWZ",748
"Ethiopia","Ethiopia","TRUE","Africa","AFR","African Region","ET","ETH",231
"Falkland Islands (the) [Malvinas]","Falkland Islands (the) [Malvinas]","FALSE","",NA,NA,"FK","FLK",238
"Faroe Islands (the)","Faroe Islands (the)","FALSE","",NA,NA,"FO","FRO",234
"Fiji","Fiji","TRUE","Western Pacific","WPR","Western Pacific Region","FJ","FJI",242
"Finland","Finland","TRUE","Europe","EUR","European Region","FI","FIN",246
"France","France","TRUE","Europe","EUR","European Region","FR","FRA",250
"French Guiana","French Guiana","FALSE","",NA,NA,"GF","GUF",254
"French Polynesia","French Polynesia","FALSE","",NA,NA,"PF","PYF",258
"French Southern Territories (the)","French Southern Territories (the)","FALSE","",NA,NA,"TF","ATF",260
"Gabon","Gabon","TRUE","Africa","AFR","African Region","GA","GAB",266
"Gambia","Gambia (the)","TRUE","Africa","AFR","African Region","GM","GMB",270
"Georgia","Georgia","TRUE","Europe","EUR","European Region","GE","GEO",268
"Germany","Germany","TRUE","Europe","EUR","European Region","DE","DEU",276
"Ghana","Ghana","TRUE","Africa","AFR","African Region","GH","GHA",288
"Gibraltar","Gibraltar","FALSE","",NA,NA,"GI","GIB",292
"Greece","Greece","TRUE","Europe","EUR","European Region","GR","GRC",300
"Greenland","Greenland","FALSE","",NA,NA,"GL","GRL",304
"Grenada","Grenada","TRUE","Americas","AMR","Region of the Americas","GD","GRD",308
"Guadeloupe","Guadeloupe","FALSE","",NA,NA,"GP","GLP",312
"Guam","Guam","FALSE","",NA,NA,"GU","GUM",316
"Guatemala","Guatemala","TRUE","Americas","AMR","Region of the Americas","GT","GTM",320
"Guernsey","Guernsey","FALSE","",NA,NA,"GG","GGY",831
"Guinea","Guinea","TRUE","Africa","AFR","African Region","GN","GIN",324
"Guinea-Bissau","Guinea-Bissau","TRUE","Africa","AFR","African Region","GW","GNB",624
"Guyana","Guyana","TRUE","Americas","AMR","Region of the Americas","GY","GUY",328
"Haiti","Haiti","TRUE","Americas","AMR","Region of the Americas","HT","HTI",332
"Heard Island and McDonald Islands","Heard Island and McDonald Islands","FALSE","",NA,NA,"HM","HMD",334
"Holy See (the)","Holy See (the)","FALSE","",NA,NA,"VA","VAT",336
"Honduras","Honduras","TRUE","Americas","AMR","Region of the Americas","HN","HND",340
"Hong Kong","Hong Kong","FALSE","",NA,NA,"HK","HKG",344
"Hungary","Hungary","TRUE","Europe","EUR","European Region","HU","HUN",348
"Iceland","Iceland","TRUE","Europe","EUR","European Region","IS","ISL",352
"India","India","TRUE","South-East Asia","SEAR","South-East Asia Region","IN","IND",356
"Indonesia","Indonesia","TRUE","South-East Asia","SEAR","South-East Asia Region","ID","IDN",360
"Iran (Islamic Republic of)","Iran (Islamic Republic of)","TRUE","Eastern Mediterranean","EMR","Eastern Mediterranean Region","IR","IRN",364
"Iraq","Iraq","TRUE","Eastern Mediterranean","EMR","Eastern Mediterranean Region","IQ","IRQ",368
"Ireland","Ireland","TRUE","Europe","EUR","European Region","IE","IRL",372
"Isle of Man","Isle of Man","FALSE","",NA,NA,"IM","IMN",833
"Israel","Israel","TRUE","Europe","EUR","European Region","IL","ISR",376
"Italy","Italy","TRUE","Europe","EUR","European Region","IT","ITA",380
"Jamaica","Jamaica","TRUE","Americas","AMR","Region of the Americas","JM","JAM",388
"Japan","Japan","TRUE","Western Pacific","WPR","Western Pacific Region","JP","JPN",392
"Jersey","Jersey","FALSE","",NA,NA,"JE","JEY",832
"Jordan","Jordan","TRUE","Eastern Mediterranean","EMR","Eastern Mediterranean Region","JO","JOR",400
"Kazakhstan","Kazakhstan","TRUE","Europe","EUR","European Region","KZ","KAZ",398
"Kenya","Kenya","TRUE","Africa","AFR","African Region","KE","KEN",404
"Kiribati","Kiribati","TRUE","Western Pacific","WPR","Western Pacific Region","KI","KIR",296
"Republic of Korea","South Korea","TRUE","Western Pacific","WPR","Western Pacific Region","KR","KOR",410
"Kuwait","Kuwait","TRUE","Eastern Mediterranean","EMR","Eastern Mediterranean Region","KW","KWT",414
"Kyrgyzstan","Kyrgyzstan","TRUE","Europe","EUR","European Region","KG","KGZ",417
"Lao People's Democratic Republic","Lao People's Democratic Republic (the)","TRUE","Western Pacific","WPR","Western Pacific Region","LA","LAO",418
"Latvia","Latvia","TRUE","Europe","EUR","European Region","LV","LVA",428
"Lebanon","Lebanon","TRUE","Eastern Mediterranean","EMR","Eastern Mediterranean Region","LB","LBN",422
"Lesotho","Lesotho","TRUE","Africa","AFR","African Region","LS","LSO",426
"Liberia","Liberia","TRUE","Africa","AFR","African Region","LR","LBR",430
"Libya","Libya","TRUE","Eastern Mediterranean","EMR","Eastern Mediterranean Region","LY","LBY",434
"Liechtenstein","Liechtenstein","FALSE","",NA,NA,"LI","LIE",438
"Lithuania","Lithuania","TRUE","Europe","EUR","European Region","LT","LTU",440
"Luxembourg","Luxembourg","TRUE","Europe","EUR","European Region","LU","LUX",442
"Macao","Macao","FALSE","",NA,NA,"MO","MAC",446
"North Macedonia","North Macedonia","TRUE","Europe","EUR","European Region","MK","MKD",807
"Madagascar","Madagascar","TRUE","Africa","AFR","African Region","MG","MDG",450
"Malawi","Malawi","TRUE","Africa","AFR","African Region","MW","MWI",454
"Malaysia","Malaysia","TRUE","Western Pacific","WPR","Western Pacific Region","MY","MYS",458
"Maldives","Maldives","TRUE","South-East Asia","SEAR","South-East Asia Region","MV","MDV",462
"Mali","Mali","TRUE","Africa","AFR","African Region","ML","MLI",466
"Malta","Malta","TRUE","Europe","EUR","European Region","MT","MLT",470
"Marshall Islands","Marshall Islands (the)","TRUE","Western Pacific","WPR","Western Pacific Region","MH","MHL",584
"Martinique","Martinique","FALSE","",NA,NA,"MQ","MTQ",474
"Mauritania","Mauritania","TRUE","Africa","AFR","African Region","MR","MRT",478
"Mauritius","Mauritius","TRUE","Africa","AFR","African Region","MU","MUS",480
"Mayotte","Mayotte","FALSE","",NA,NA,"YT","MYT",175
"Mexico","Mexico","TRUE","Americas","AMR","Region of the Americas","MX","MEX",484
"Micronesia (Federated States of)","Micronesia (Federated States of)","TRUE","Western Pacific","WPR","Western Pacific Region","FM","FSM",583
"Republic of Moldova","Moldova (the Republic of)","TRUE","Europe","EUR","European Region","MD","MDA",498
"Monaco","Monaco","TRUE","Europe","EUR","European Region","MC","MCO",492
"Mongolia","Mongolia","TRUE","Western Pacific","WPR","Western Pacific Region","MN","MNG",496
"Montenegro","Montenegro","TRUE","Europe","EUR","European Region","ME","MNE",499
"Montserrat","Montserrat","FALSE","",NA,NA,"MS","MSR",500
"Morocco","Morocco","TRUE","Eastern Mediterranean","EMR","Eastern Mediterranean Region","MA","MAR",504
"Mozambique","Mozambique","TRUE","Africa","AFR","African Region","MZ","MOZ",508
"Myanmar","Myanmar","TRUE","South-East Asia","SEAR","South-East Asia Region","MM","MMR",104
"Namibia","Namibia","TRUE","Africa","AFR","African Region",NA,"NAM",516
"Nauru","Nauru","TRUE","Western Pacific","WPR","Western Pacific Region","NR","NRU",520
"Nepal","Nepal","TRUE","South-East Asia","SEAR","South-East Asia Region","NP","NPL",524
"Netherlands (Kingdom of the)","Netherlands, Kingdom of the","TRUE","Europe","EUR","European Region","NL","NLD",528
"New Caledonia","New Caledonia","FALSE","",NA,NA,"NC","NCL",540
"New Zealand","New Zealand","TRUE","Western Pacific","WPR","Western Pacific Region","NZ","NZL",554
"Nicaragua","Nicaragua","TRUE","Americas","AMR","Region of the Americas","NI","NIC",558
"Niger","Niger (the)","TRUE","Africa","AFR","African Region","NE","NER",562
"Nigeria","Nigeria","TRUE","Africa","AFR","African Region","NG","NGA",566
"Niue","Niue","TRUE","Western Pacific","WPR","Western Pacific Region","NU","NIU",570
"Norfolk Island","Norfolk Island","FALSE","",NA,NA,"NF","NFK",574
"Northern Mariana Islands (the)","Northern Mariana Islands (the)","FALSE","",NA,NA,"MP","MNP",580
"Norway","Norway","TRUE","Europe","EUR","European Region","NO","NOR",578
"Oman","Oman","TRUE","Eastern Mediterranean","EMR","Eastern Mediterranean Region","OM","OMN",512
"Pakistan","Pakistan","TRUE","Eastern Mediterranean","EMR","Eastern Mediterranean Region","PK","PAK",586
"Palau","Palau","TRUE","Western Pacific","WPR","Western Pacific Region","PW","PLW",585
"Palestine","Palestine, State of","FALSE","",NA,NA,"PS","PSE",275
"Panama","Panama","TRUE","Americas","AMR","Region of the Americas","PA","PAN",591
"Papua New Guinea","Papua New Guinea","TRUE","Western Pacific","WPR","Western Pacific Region","PG","PNG",598
"Paraguay","Paraguay","TRUE","Americas","AMR","Region of the Americas","PY","PRY",600
"Peru","Peru","TRUE","Americas","AMR","Region of the Americas","PE","PER",604
"Philippines","Philippines (the)","FALSE","Western Pacific","WPR","Western Pacific Region","PH","PHL",608
"Pitcairn","Pitcairn","FALSE","",NA,NA,"PN","PCN",612
"Poland","Poland","TRUE","Europe","EUR","European Region","PL","POL",616
"Portugal","Portugal","TRUE","Europe","EUR","European Region","PT","PRT",620
"Puerto Rico","Puerto Rico","FALSE","",NA,NA,"PR","PRI",630
"Qatar","Qatar","TRUE","Eastern Mediterranean","EMR","Eastern Mediterranean Region","QA","QAT",634
"Réunion","Réunion","FALSE","",NA,NA,"RE","REU",638
"Romania","Romania","TRUE","Europe","EUR","European Region","RO","ROU",642
"Russian Federation","Russian Federation (the)","TRUE","Europe","EUR","European Region","RU","RUS",643
"Rwanda","Rwanda","TRUE","Africa","AFR","African Region","RW","RWA",646
"Saint Barthélemy","Saint Barthélemy","FALSE","",NA,NA,"BL","BLM",652
"Saint Helena Ascension Island Tristan da Cunha","Saint Helena Ascension Island Tristan da Cunha","FALSE","",NA,NA,"SH","SHN",654
"Saint Kitts and Nevis","Saint Kitts and Nevis","TRUE","Americas","AMR","Region of the Americas","KN","KNA",659
"Saint Lucia",";Saint Lucia","TRUE","Americas","AMR","Region of the Americas","LC","LCA",662
"Saint Martin (French part)","Saint Martin (French part)","FALSE","",NA,NA,"MF","MAF",663
"Saint Pierre and Miquelon","Saint Pierre and Miquelon","FALSE","",NA,NA,"PM","SPM",666
"Saint Vincent and the Grenadines","Saint Vincent and the Grenadines","TRUE","Americas","AMR","Region of the Americas","VC","VCT",670
"Samoa","Samoa","TRUE","Western Pacific","WPR","Western Pacific Region","WS","WSM",882
"San Marino","San Marino","TRUE","Europe","EUR","European Region","SM","SMR",674
"Sao Tome and Principe","Sao Tome and Principe","TRUE","Africa","AFR","African Region","ST","STP",678
"Saudi Arabia","Saudi Arabia","TRUE","Eastern Mediterranean","EMR","Eastern Mediterranean Region","SA","SAU",682
"Senegal","Senegal","TRUE","Africa","AFR","African Region","SN","SEN",686
"Serbia","Serbia","TRUE","Europe","EUR","European Region","RS","SRB",688
"Seychelles","Seychelles","TRUE","Africa","AFR","African Region","SC","SYC",690
"Sierra Leone","Sierra Leone","TRUE","Africa","AFR","African Region","SL","SLE",694
"Singapore","Singapore","TRUE","Western Pacific","WPR","Western Pacific Region","SG","SGP",702
"Sint Maarten (Dutch part)","Sint Maarten (Dutch part)","FALSE","",NA,NA,"SX","SXM",534
"Slovakia","Slovakia","TRUE","Europe","EUR","European Region","SK","SVK",703
"Slovenia","Slovenia","TRUE","Europe","EUR","European Region","SI","SVN",705
"Solomon Islands","Solomon Islands","TRUE","Western Pacific","WPR","Western Pacific Region","SB","SLB",90
"Somalia","Somalia","TRUE","Eastern Mediterranean","EMR","Eastern Mediterranean Region","SO","SOM",706
"South Africa","South Africa","TRUE","Africa","AFR","African Region","ZA","ZAF",710
"South Georgia and the South Sandwich Islands","South Georgia and the South Sandwich Islands","FALSE","",NA,NA,"GS","SGS",239
"South Sudan","South Sudan","TRUE","Africa","AFR","African Region","SS","SSD",728
"Spain","Spain","TRUE","Europe","EUR","European Region","ES","ESP",724
"Sri Lanka","Sri Lanka","TRUE","South-East Asia","SEAR","South-East Asia Region","LK","LKA",144
"Sudan","Sudan (the)","TRUE","Eastern Mediterranean","EMR","Eastern Mediterranean Region","SD","SDN",729
"Suriname","Suriname","TRUE","Americas","AMR","Region of the Americas","SR","SUR",740
"Svalbard Jan Mayen","Svalbard Jan Mayen","FALSE","",NA,NA,"SJ","SJM",744
"Sweden","Sweden","TRUE","Europe","EUR","European Region","SE","SWE",752
"Switzerland","Switzerland","TRUE","Europe","EUR","European Region","CH","CHE",756
"Syrian Arab Republic","Syrian Arab Republic (the)","TRUE","Eastern Mediterranean","EMR","Eastern Mediterranean Region","SY","SYR",760
"Taiwan (Province of China)","Taiwan (Province of China)","FALSE","",NA,NA,"TW","TWN",158
"Tajikistan","Tajikistan","TRUE","Europe","EUR","European Region","TJ","TJK",762
"United Republic of Tanzania","Tanzania, the United Republic of","TRUE","Africa","AFR","African Region","TZ","TZA",834
"Thailand","Thailand","TRUE","South-East Asia","SEAR","South-East Asia Region","TH","THA",764
"Timor-Leste","Timor-Leste","TRUE","South-East Asia","SEAR","South-East Asia Region","TL","TLS",626
"Togo","Togo","TRUE","Africa","AFR","African Region","TG","TGO",768
"Tokelau","Tokelau","FALSE","",NA,NA,"TK","TKL",772
"Tonga","Tonga","TO","Western Pacific","WPR","Western Pacific Region","TON","776",NA
"Trinidad and Tobago","Trinidad and Tobago","TRUE","Americas","AMR","Region of the Americas","TT","TTO",780
"Tunisia","Tunisia","TRUE","Eastern Mediterranean","EMR","Eastern Mediterranean Region","TN","TUN",788
"Turkey","Turkey","TRUE","Europe","EUR","European Region","TR","TUR",792
"Turkmenistan","Turkmenistan","TRUE","Europe","EUR","European Region","TM","TKM",795
"Turks and Caicos Islands (the)","Turks and Caicos Islands (the)","FALSE","",NA,NA,"TC","TCA",796
"Tuvalu","Tuvalu","TRUE","Western Pacific","WPR","Western Pacific Region","TV","TUV",798
"Uganda","Uganda","TRUE","Africa","AFR","African Region","UG","UGA",800
"Ukraine","Ukraine","TRUE","Europe","EUR","European Region","UA","UKR",804
"United Arab Emirates","United Arab Emirates (the)","TRUE","Eastern Mediterranean","EMR","Eastern Mediterranean Region","AE","ARE",784
"United Kingdom of Great Britain and Northern Ireland","United Kingdom of Great Britain and Northern Ireland (the)","TRUE","Europe","EUR","European Region","GB","GBR",826
"United States Minor Outlying Islands (the)","United States Minor Outlying Islands (the)","FALSE","",NA,NA,"UM","UMI",581
"United States of America","United States of America (the)","TRUE","Americas","AMR","Region of the Americas","US","USA",840
"Uruguay","Uruguay","TRUE","Americas","AMR","Region of the Americas","UY","URY",858
"Uzbekistan","Uzbekistan","TRUE","Europe","EUR","European Region","UZ","UZB",860
"Vanuatu","Vanuatu","TRUE","Western Pacific","WPR","Western Pacific Region","VU","VUT",548
"Venezuela (Bolivarian Republic of)","Venezuela (Bolivarian Republic of)","TRUE","Americas","AMR","Region of the Americas","VE","VEN",862
"Viet Nam","VietNam","TRUE","Western Pacific","WPR","Western Pacific Region","VN","VNM",704
"Virgin Islands (British)","Virgin Islands (British)","FALSE","",NA,NA,"VG","VGB",92
"Virgin Islands (U.S.)","Virgin Islands (U.S.)","FALSE","",NA,NA,"VI","VIR",850
"Wallis and Futuna","Wallis and Futuna","FALSE","",NA,NA,"WF","WLF",876
"Western Sahara","Western Sahara","FALSE","",NA,NA,"EH","ESH",732
"Yemen","Yemen","TRUE","Eastern Mediterranean","EMR","Eastern Mediterranean Region","YE","YEM",887
"Zambia","Zambia","TRUE","Africa","AFR","African Region","ZM","ZMB",894
"Zimbabwe","Zimbabwe","TRUE","Africa","AFR","African Region","ZW","ZWE",716
